Code,AreaName,part,Type,TotalPop,TMales,TFemales,ITotalPop,IMales,IFemales,LTotalPop,LMales,LFemales,LWETotalPop,LWEMales,LWEFemales,BPTotalPop,BPMales,BPFemales,PTotalPop,PMales,PFemales,MTotalPop,MMales,MFemales,STotalPop,SMales,SFemales,SSTotalPop,SSMales,SSFemales,NTDTotalPop,NTDMales,NTDFemales,TDTotalPop,TDMales,TDFemales,GTotalPop,GMales,GFemales,UNTotalPop,UNMales,UNFemales
1, JAMMU & KASHMIR,North,Total,12541302,6640662,5900640,5474069,2375991,3098078,7067233,4264671,2802562,195783,124009,71774,987774,541130,446644,1285909,719512,566397,1666381,1015129,651252,1411973,919672,492301,776437,486800,289637,4781,3542,1239,50822,33854,16968,653764,401279,252485,33609,19744,13865
1, JAMMU & KASHMIR,North,Rural,9108060,4774477,4333583,4360110,1882728,2477382,4747950,2891749,1856201,114239,71510,42729,763590,419327,344263,999472,564510,434962,1243109,770561,472548,887397,583213,304184,445283,282329,162954,2833,2149,684,14721,10723,3998,254288,173914,80374,23018,13513,9505
1, JAMMU & KASHMIR,North,Urban,3433242,1866185,1567057,1113959,493263,620696,2319283,1372922,946361,81544,52499,29045,224184,121803,102381,286437,155002,131435,423272,244568,178704,524576,336459,188117,331154,204471,126683,1948,1393,555,36101,23131,12970,399476,227365,172111,10591,6231,4360
2, HIMACHAL PRADESH,North,Total,6864602,3481873,3382729,1824866,729283,1095583,5039736,2752590,2287146,130023,64537,65486,611475,326058,285417,1162995,576764,586231,826611,452919,373692,1127997,666498,461499,662457,368592,293865,8519,4077,4442,53413,37213,16200,446609,251164,195445,9637,4768,4869
2, HIMACHAL PRADESH,North,Rural,6176050,3110345,3065705,1704314,672524,1031790,4471736,2437821,2033915,118621,58588,60033,559188,297122,262066,1081117,532805,548312,755572,412688,342884,1009270,598104,411166,574959,320133,254826,6542,3407,3135,41690,29502,12188,315940,181122,134818,8837,4350,4487
2, HIMACHAL PRADESH,North,Urban,688552,371528,317024,120552,56759,63793,568000,314769,253231,11402,5949,5453,52287,28936,23351,81878,43959,37919,71039,40231,30808,118727,68394,50333,87498,48459,39039,1977,670,1307,11723,7711,4012,130669,70042,60627,800,418,382
3, PUNJAB,North,Total,27743338,14639465,13103873,9036201,4203409,4832792,18707137,10436056,8271081,566332,299936,266396,2227684,1273936,953748,4288200,2273540,2014660,3066305,1747063,1319242,4186373,2472299,1714074,2310511,1313943,996568,24287,11117,13170,234365,147801,86564,1760846,873776,887070,42234,22645,19589
3, PUNJAB,North,Rural,17344192,9093476,8250716,6346535,2934669,3411866,10997657,6158807,4838850,347952,185107,162845,1454338,832909,621429,2953365,1555595,1397770,1965243,1117838,847405,2441614,1452187,989427,1233520,703937,529583,8610,4430,4180,104325,64709,39616,460985,227170,233815,27705,14925,12780
3, PUNJAB,North,Urban,10399146,5545989,4853157,2689666,1268740,1420926,7709480,4277249,3432231,218380,114829,103551,773346,441027,332319,1334835,717945,616890,1101062,629225,471837,1744759,1020112,724647,1076991,610006,466985,15677,6687,8990,130040,83092,46948,1299861,646606,653255,14529,7720,6809
4, CHANDIGARH,North,Total,1055450,580663,474787,250012,115317,134695,805438,465346,340092,11254,5586,5668,90869,51211,39658,130243,73645,56598,111879,67964,43915,142206,88021,54185,107599,63200,44399,1506,510,996,13801,9660,4141,194453,104748,89705,1628,801,827
4, CHANDIGARH,North,Rural,28991,17150,11841,9030,4398,4632,19961,12752,7209,267,168,99,2997,1738,1259,4091,2484,1607,3461,2269,1192,4221,2862,1359,2865,1896,969,12,4,8,154,124,30,1872,1195,677,21,12,9
4, CHANDIGARH,North,Urban,1026459,563513,462946,240982,110919,130063,785477,452594,332883,10987,5418,5569,87872,49473,38399,126152,71161,54991,108418,65695,42723,137985,85159,52826,104734,61304,43430,1494,506,988,13647,9536,4111,192581,103553,89028,1607,789,818
5, UTTARAKHAND,Central,Total,10086292,5137773,4948519,3205339,1274065,1931274,6880953,3863708,3017245,145906,72896,73010,1034583,554430,480153,1550574,803056,747518,1406871,806770,600101,1019490,627977,391513,755008,444663,310345,4816,3102,1714,36172,30072,6100,910288,512068,398220,17245,8674,8571
5, UTTARAKHAND,Central,Rural,7036954,3519042,3517912,2422904,922871,1500033,4614050,2596171,2017879,98382,47334,51048,763789,405044,358745,1158397,595425,562972,1055738,607483,448255,670585,418485,252100,450714,270163,180551,2080,1216,864,16165,13516,2649,386054,231662,154392,12146,5843,6303
5, UTTARAKHAND,Central,Urban,3049338,1618731,1430607,782435,351194,431241,2266903,1267537,999366,47524,25562,21962,270794,149386,121408,392177,207631,184546,351133,199287,151846,348905,209492,139413,304294,174500,129794,2736,1886,850,20007,16556,3451,524234,280406,243828,5099,2831,2268
6, HARYANA,North,Total,25351462,13494734,11856728,8752474,3700667,5051807,16598988,9794067,6804921,395890,212259,183631,2473145,1403012,1070133,3772022,2075334,1696688,2705282,1557670,1147612,3225936,2064923,1161013,1892113,1199855,692258,30614,17774,12840,195115,143883,51232,1877085,1102809,774276,31786,16548,15238
6, HARYANA,North,Rural,16509359,8774006,7735353,6350917,2633907,3717010,10158442,6140099,4018343,233974,129046,104928,1721502,979683,741819,2663725,1481060,1182665,1790768,1044222,746546,1962766,1300547,662219,1089432,727910,361522,12984,8221,4763,98108,77127,20981,565061,381815,183246,20122,10468,9654
6, HARYANA,North,Urban,8842103,4720728,4121375,2401557,1066760,1334797,6440546,3653968,2786578,161916,83213,78703,751643,423329,328314,1108297,594274,514023,914514,513448,401066,1263170,764376,498794,802681,471945,330736,17630,9553,8077,97007,66756,30251,1312024,720994,591030,11664,6080,5584
7, NCT OF DELHI,North,Total,16787941,8987326,7800615,4050174,1792470,2257704,12737767,7194856,5542911,453455,239952,213503,1458061,796975,661086,2230894,1197622,1033272,1931411,1099958,831453,2186314,1318133,868181,1598435,930296,668139,12538,6430,6108,94586,61852,32734,2757844,1535972,1221872,14229,7666,6563
7, NCT OF DELHI,North,Rural,419042,226321,192721,122442,51994,70448,296600,174327,122273,8213,4460,3753,40394,22595,17799,59411,31897,27514,52739,30035,22704,61926,38776,23150,42190,27000,15190,143,75,68,2717,1597,1120,28558,17725,10833,309,167,142
7, NCT OF DELHI,North,Urban,16368899,8761005,7607894,3927732,1740476,2187256,12441167,7020529,5420638,445242,235492,209750,1417667,774380,643287,2171483,1165725,1005758,1878672,1069923,808749,2124388,1279357,845031,1556245,903296,652949,12395,6355,6040,91869,60255,31614,2729286,1518247,1211039,13920,7499,6421
8, RAJASTHAN,North,Total,68548437,35550997,32997440,30273155,11862585,18410570,38275282,23688412,14586870,1806164,1084848,721316,8083827,4423518,3660309,10524424,6143552,4380872,7319223,4788350,2530873,4610185,3168905,1441280,2515863,1752886,762977,7522,4801,2721,164634,129531,35103,3063282,2086247,977035,180158,105774,74384
8, RAJASTHAN,North,Rural,51500352,26641747,24858605,25028566,9737158,15291408,26471786,16904589,9567197,1271420,791987,479433,6350821,3506792,2844029,8056837,4849831,3207006,5238474,3592691,1645783,2791953,2044266,747687,1404512,1059146,345366,2778,1991,787,89338,71962,17376,1130814,905012,225802,134839,80911,53928
8, RAJASTHAN,North,Urban,17048085,8909250,8138835,5244589,2125427,3119162,11803496,6783823,5019673,534744,292861,241883,1733006,916726,816280,2467587,1293721,1173866,2080749,1195659,885090,1818232,1124639,693593,1111351,693740,417611,4744,2810,1934,75296,57569,17727,1932468,1181235,751233,45319,24863,20456
9, UTTAR PRADESH,Central,Total,199812341,104480510,95331831,85414786,36245546,49169240,114397555,68234964,46162591,5381466,3219206,2162260,21424480,11763367,9661113,27798792,15505178,12293614,23122728,14276668,8846060,15137315,9748121,5389194,10807005,6820583,3986422,135958,73327,62631,189869,167522,22347,9919838,6378138,3541700,480104,282854,197250
9, UTTAR PRADESH,Central,Rural,155317278,80992995,74324283,70032598,29199307,40833291,85284680,51793688,33490992,3845233,2347662,1497571,17578607,9646918,7931689,22391245,12594860,9796385,18300002,11539043,6760959,10759925,7193250,3566675,7242155,4800640,2441515,83863,40781,43082,90859,83600,7259,4654942,3344339,1310603,337849,202595,135254
9, UTTAR PRADESH,Central,Urban,44495063,23487515,21007548,15382188,7046239,8335949,29112875,16441276,12671599,1536233,871544,664689,3845873,2116449,1729424,5407547,2910318,2497229,4822726,2737625,2085101,4377390,2554871,1822519,3564850,2019943,1544907,52095,32546,19549,99010,83922,15088,5264896,3033799,2231097,142255,80259,61996
10, BIHAR,Eastern,Total,104099452,54278157,49821295,51594899,22670134,28924765,52504553,31608023,20896530,3025999,1748926,1277073,13701980,7308358,6393622,13154969,7625383,5529586,7969599,4930890,3038709,7266128,4785058,2481070,3839395,2584078,1255317,93051,58956,34095,35466,30839,4627,3061676,2326092,735584,356290,209443,146847
10, BIHAR,Eastern,Rural,92341436,48073850,44267586,47529284,20832020,26697264,44812152,27241830,17570322,2661185,1550711,1110474,12370917,6611758,5759159,11717783,6878975,4838808,6873883,4333233,2540650,5974728,4063729,1910999,2940913,2054874,886039,77793,49520,28273,24196,21396,2800,1851135,1488731,362404,319619,188903,130716
10, BIHAR,Eastern,Urban,11758016,6204307,5553709,4065615,1838114,2227501,7692401,4366193,3326208,364814,198215,166599,1331063,696600,634463,1437186,746408,690778,1095716,597657,498059,1291400,721329,570071,898482,529204,369278,15258,9436,5822,11270,9443,1827,1210541,837361,373180,36671,20540,16131
11, SIKKIM,North Eastern,Total,610577,323070,287507,165625,71801,93824,444952,251269,193683,17628,10158,7470,116100,66658,49442,115601,62664,52937,69545,37520,32025,53268,31220,22048,36122,20910,15212,155,103,52,1633,1187,446,32669,19290,13379,2231,1559,672
11, SIKKIM,North Eastern,Rural,456999,242797,214202,135069,58552,76517,321930,184245,137685,13737,8185,5552,96333,56198,40135,90078,48838,41240,48951,26434,22517,34072,20731,13341,21348,12950,8398,77,53,24,786,579,207,14545,8888,5657,2003,1389,614
11, SIKKIM,North Eastern,Urban,153578,80273,73305,30556,13249,17307,123022,67024,55998,3891,1973,1918,19767,10460,9307,25523,13826,11697,20594,11086,9508,19196,10489,8707,14774,7960,6814,78,50,28,847,608,239,18124,10402,7722,228,170,58
12, ARUNACHAL PRADESH,North Eastern,Total,1383727,713912,669815,617722,274044,343678,766005,439868,326137,21651,12529,9122,164976,88788,76188,189369,102518,86851,145848,82535,63313,109304,65757,43547,74205,46020,28185,778,606,172,4394,3573,821,53606,36430,17176,1874,1112,762
12, ARUNACHAL PRADESH,North Eastern,Rural,1066358,546011,520347,530456,236621,293835,535902,309390,226512,16407,9511,6896,130062,70679,59383,144994,79508,65486,103066,58908,44158,66263,40256,26007,43588,28186,15402,412,317,95,2197,1796,401,27668,19476,8192,1245,753,492
12, ARUNACHAL PRADESH,North Eastern,Urban,317369,167901,149468,87266,37423,49843,230103,130478,99625,5244,3018,2226,34914,18109,16805,44375,23010,21365,42782,23627,19155,43041,25501,17540,30617,17834,12783,366,289,77,2197,1777,420,25938,16954,8984,629,359,270
13, NAGALAND,North Eastern,Total,1978502,1024649,953853,636068,300692,335376,1342434,723957,618477,73844,39339,34505,258594,134218,124376,330358,170554,159804,304611,164734,139877,169525,96490,73035,106384,59783,46601,609,323,286,4934,3411,1523,89718,53023,36695,3857,2082,1775
13, NAGALAND,North Eastern,Rural,1407536,725472,682064,510873,241451,269422,896663,484021,412642,52785,27913,24872,195040,101132,93908,245799,126574,119225,204421,111718,92703,96746,56446,40300,56699,32595,24104,402,221,181,2146,1466,680,39983,24521,15462,2642,1435,1207
13, NAGALAND,North Eastern,Urban,570966,299177,271789,125195,59241,65954,445771,239936,205835,21059,11426,9633,63554,33086,30468,84559,43980,40579,100190,53016,47174,72779,40044,32735,49685,27188,22497,207,102,105,2788,1945,843,49735,28502,21233,1215,647,568
14, MANIPUR,North Eastern,Total,2855794,1438586,1417208,947318,398728,548590,1908476,1039858,868618,88391,47433,40958,243566,123662,119904,326953,164889,162064,457032,251129,205903,330216,185952,144264,224577,125578,98999,605,452,153,7971,3662,4309,225620,135082,90538,3545,2019,1526
14, MANIPUR,North Eastern,Rural,2021640,1026884,994756,738781,316750,422031,1282859,710134,572725,64406,35530,28876,182156,92797,89359,250145,127663,122482,321923,180386,141537,216971,125034,91937,137805,79260,58545,270,220,50,3108,1448,1660,103602,66363,37239,2473,1433,1040
14, MANIPUR,North Eastern,Urban,834154,411702,422452,208537,81978,126559,625617,329724,295893,23985,11903,12082,61410,30865,30545,76808,37226,39582,135109,70743,64366,113245,60918,52327,86772,46318,40454,335,232,103,4863,2214,2649,122018,68719,53299,1072,586,486
15, MIZORAM,North Eastern,Total,1097206,555339,541867,249031,116810,132221,848175,438529,409646,13469,6288,7181,215865,105262,110603,207450,108434,99016,201482,104978,96504,88153,46235,41918,69069,36061,33008,192,103,89,1862,1111,751,49621,29527,20094,1012,530,482
15, MIZORAM,North Eastern,Rural,525435,269135,256300,162101,73735,88366,363334,195400,167934,7258,3565,3693,124917,63665,61252,107206,58312,48894,75244,40653,34591,23674,13465,10209,15284,9097,6187,32,17,15,269,182,87,8889,6149,2740,561,295,266
15, MIZORAM,North Eastern,Urban,571771,286204,285567,86930,43075,43855,484841,243129,241712,6211,2723,3488,90948,41597,49351,100244,50122,50122,126238,64325,61913,64479,32770,31709,53785,26964,26821,160,86,74,1593,929,664,40732,23378,17354,451,235,216
16, TRIPURA,North Eastern,Total,3673917,1874376,1799541,869134,373007,496127,2804783,1501369,1303414,160715,74925,85790,725461,363853,361608,698656,363404,335252,592396,320040,272356,200829,117515,83314,273295,163371,109924,414,320,94,5977,4781,1196,137812,88621,49191,9228,4539,4689
16, TRIPURA,North Eastern,Rural,2712464,1387173,1325291,719691,305670,414021,1992773,1081503,911270,120744,56225,64519,579471,294874,284597,534359,283731,250628,413619,228022,185597,139110,84042,55068,148395,94772,53623,121,89,32,1571,1249,322,48053,34869,13184,7330,3630,3700
16, TRIPURA,North Eastern,Urban,961453,487203,474250,149443,67337,82106,812010,419866,392144,39971,18700,21271,145990,68979,77011,164297,79673,84624,178777,92018,86759,61719,33473,28246,124900,68599,56301,293,231,62,4406,3532,874,89759,53752,36007,1898,909,989
17, MEGHALAYA,North Eastern,Total,2966889,1491832,1475057,1181884,577953,603931,1785005,913879,871126,78467,41109,37358,609064,311818,297246,412929,203761,209168,297897,151272,146625,160063,86803,73260,126576,67422,59154,194,130,64,3477,2189,1288,90519,46311,44208,5819,3064,2755
17, MEGHALAYA,North Eastern,Rural,2371439,1194260,1177179,1056285,518624,537661,1315154,675636,639518,65400,34681,30719,527346,271443,255903,327955,162619,165336,200963,101714,99249,95587,52135,43452,64374,34851,29523,74,60,14,786,502,284,27487,14884,12603,5182,2747,2435
17, MEGHALAYA,North Eastern,Urban,595450,297572,297878,125599,59329,66270,469851,238243,231608,13067,6428,6639,81718,40375,41343,84974,41142,43832,96934,49558,47376,64476,34668,29808,62202,32571,29631,120,70,50,2691,1687,1004,63032,31427,31605,637,317,320
18, ASSAM,North Eastern,Total,31205576,15939443,15266133,12027599,5370804,6656795,19177977,10568639,8609338,920663,507614,413049,4550439,2469904,2080535,4383390,2378849,2004541,4285011,2248173,2036838,1445515,802772,642743,2507238,1468893,1038345,3683,3106,577,36671,30143,6528,1011345,639241,372104,34022,19944,14078
18, ASSAM,North Eastern,Rural,26807034,13678989,13128045,11121598,4972796,6148802,15685436,8706193,6979243,789082,440255,348827,4059010,2219933,1839077,3787871,2066648,1721223,3572051,1885166,1686885,1119987,632475,487512,1803720,1089418,714302,2571,2270,301,14998,12237,2761,507240,340774,166466,28906,17017,11889
18, ASSAM,North Eastern,Urban,4398542,2260454,2138088,906001,398008,507993,3492541,1862446,1630095,131581,67359,64222,491429,249971,241458,595519,312201,283318,712960,363007,349953,325528,170297,155231,703518,379475,324043,1112,836,276,21673,17906,3767,504105,298467,205638,5116,2927,2189
19, WEST BENGAL,Eastern,Total,91276115,46809027,44467088,29737834,12990217,16747617,61538281,33818810,27719471,1963759,1048966,914793,15902612,8437465,7465147,14954591,7897027,7057564,12474301,6684464,5789837,5430854,3151360,2279494,5599953,3253159,2346794,20127,15236,4891,138525,120335,18190,4827817,3088673,1739144,225742,122125,103617
19, WEST BENGAL,Eastern,Rural,62183113,31844945,30338168,22969334,9996748,12972586,39213779,21848197,17365582,1192454,647306,545148,11970137,6421511,5548626,10626781,5687905,4938876,8167485,4449851,3717634,2768917,1690072,1078845,2895790,1791913,1103877,8506,7156,1350,30912,27390,3522,1402776,1042854,359922,150021,82239,67782
19, WEST BENGAL,Eastern,Urban,29093002,14964082,14128920,6768500,2993469,3775031,22324502,11970613,10353889,771305,401660,369645,3932475,2015954,1916521,4327810,2209122,2118688,4306816,2234613,2072203,2661937,1461288,1200649,2704163,1461246,1242917,11621,8080,3541,107613,92945,14668,3425041,2045819,1379222,75721,39886,35835
20, JHARKHAND,Eastern,Total,32988134,16930315,16057819,14660065,6047796,8612269,18328069,10882519,7445550,781448,454490,326958,4293415,2292684,2000731,4808604,2752242,2056362,3091107,1895039,1196068,2473825,1569270,904555,1459686,940065,519621,22666,14198,8468,64868,55953,8915,1328477,906174,422303,3973,2404,1569
20, JHARKHAND,Eastern,Rural,25055073,12776486,12278587,12411995,5093755,7318240,12643078,7682731,4960347,613233,365222,248011,3446217,1851175,1595042,3759149,2219230,1539919,2202517,1409430,793087,1430294,972816,457478,745560,519767,225793,13147,8546,4601,15800,13426,2374,414891,321799,93092,2270,1320,950
20, JHARKHAND,Eastern,Urban,7933061,4153829,3779232,2248070,954041,1294029,5684991,3199788,2485203,168215,89268,78947,847198,441509,405689,1049455,533012,516443,888590,485609,402981,1043531,596454,447077,714126,420298,293828,9519,5652,3867,49068,42527,6541,913586,584375,329211,1703,1084,619
21, ODISHA,Eastern,Total,41974218,21212136,20762082,15231623,6122455,9109168,26742595,15089681,11652914,832805,438797,394008,5886571,3126770,2759801,7714716,4157327,3557389,5285243,3035765,2249478,3217355,1885832,1331523,1738285,1050721,687564,34654,28452,6202,188268,157099,31169,1783797,1174184,609613,60901,34734,26167
21, ODISHA,Eastern,Rural,34970562,17586203,17384359,13592647,5431651,8160996,21377915,12154552,9223363,680867,364474,316393,5154817,2761589,2393228,6574302,3588993,2985309,4411216,2554590,1856626,2333560,1400990,932570,1151364,725160,426204,16727,14019,2708,106644,90391,16253,899969,626900,273069,48449,27446,21003
21, ODISHA,Eastern,Urban,7003656,3625933,3377723,1638976,690804,948172,5364680,2935129,2429551,151938,74323,77615,731754,365181,366573,1140414,568334,572080,874027,481175,392852,883795,484842,398953,586921,325561,261360,17927,14433,3494,81624,66708,14916,883828,547284,336544,12452,7288,5164
22, CHHATTISGARH,Central,Total,25545198,12832895,12712303,10165276,4025002,6140274,15379922,8807893,6572029,377765,204602,173163,3687369,2011523,1675846,4192144,2267581,1924563,3202404,1825488,1376916,1628487,1003394,625093,1172386,764504,407882,3863,2728,1135,51590,45165,6425,1018853,659081,359772,45061,23827,21234
22, CHHATTISGARH,Central,Rural,19607961,9797426,9810535,8599005,3394414,5204591,11008956,6403012,4605944,284596,156656,127940,2983774,1642972,1340802,3271118,1790520,1480598,2443110,1421517,1021593,973864,629827,344037,663413,471329,192084,1330,977,353,14290,12629,1661,336785,256863,79922,36676,19722,16954
22, CHHATTISGARH,Central,Urban,5937237,3035469,2901768,1566271,630588,935683,4370966,2404881,1966085,93169,47946,45223,703595,368551,335044,921026,477061,443965,759294,403971,355323,654623,373567,281056,508973,293175,215798,2533,1751,782,37300,32536,4764,682068,402218,279850,8385,4105,4280
23, MADHYA PRADESH,Central,Total,72626809,37612306,35014503,29775640,12437978,17337662,42851169,25174328,17676841,1838272,1048973,789299,9582214,5242949,4339265,11878241,6640472,5237769,8431000,5094579,3336421,4441266,2819198,1622068,3193222,2098416,1094806,9732,6814,2918,99838,85480,14358,3222802,2051127,1171675,154582,86320,68262
23, MADHYA PRADESH,Central,Rural,52557404,27149388,25408016,24275418,10094406,14181012,28281986,17054982,11227004,1283103,757551,525552,7479650,4119981,3359669,8840409,5042491,3797918,5854741,3683782,2170959,2372836,1632081,740755,1468942,1087143,381799,2198,1698,500,22117,19555,2562,835601,640936,194665,122389,69764,52625
23, MADHYA PRADESH,Central,Urban,20069405,10462918,9606487,5500222,2343572,3156650,14569183,8119346,6449837,555169,291422,263747,2102564,1122968,979596,3037832,1597981,1439851,2576259,1410797,1165462,2068430,1187117,881313,1724280,1011273,713007,7534,5116,2418,77721,65925,11796,2387201,1410191,977010,32193,16556,15637
24, GUJARAT,Western,Total,60439692,31491260,28948432,19346334,8016387,11329947,41093358,23474873,17618485,2317423,1230706,1086717,8462829,4486708,3976121,10557001,5568559,4988442,6453935,4031450,2422485,6131997,3788353,2343644,3153566,1923817,1229749,37756,25992,11764,661401,455161,206240,3174158,1891932,1282226,143292,72195,71097
24, GUJARAT,Western,Rural,34694609,17799159,16895450,13273767,5331516,7942251,21420842,12467643,8953199,1267646,685105,582541,5538772,2959945,2578827,6296439,3391739,2904700,3370371,2165852,1204519,2613328,1708455,904873,1263133,835627,427506,13140,10167,2973,298995,212889,86106,670430,452150,218280,88588,45714,42874
24, GUJARAT,Western,Urban,25745083,13692101,12052982,6072567,2684871,3387696,19672516,11007230,8665286,1049777,545601,504176,2924057,1526763,1397294,4260562,2176820,2083742,3083564,1865598,1217966,3518669,2079898,1438771,1890433,1088190,802243,24616,15825,8791,362406,242272,120134,2503728,1439782,1063946,54704,26481,28223
25, DAMAN & DIU,Western,Total,243247,150301,92946,54841,25658,29183,188406,124643,63763,6498,4342,2156,26623,15332,11291,41447,26048,15399,35626,24792,10834,39489,27874,11615,22340,15227,7113,162,120,42,2997,2226,771,12802,8425,4377,422,257,165
25, DAMAN & DIU,Western,Rural,60396,32395,28001,17307,6866,10441,43089,25529,17560,1335,739,596,7966,4407,3559,11437,6564,4873,8118,4812,3306,7401,4455,2946,4474,2864,1610,20,15,5,590,411,179,1669,1223,446,79,39,40
25, DAMAN & DIU,Western,Urban,182851,117906,64945,37534,18792,18742,145317,99114,46203,5163,3603,1560,18657,10925,7732,30010,19484,10526,27508,19980,7528,32088,23419,8669,17866,12363,5503,142,105,37,2407,1815,592,11133,7202,3931,343,218,125
26, DADRA & NAGAR HAVELI,Western,Total,343709,193760,149949,120479,51239,69240,223230,142521,80709,13111,8683,4428,43709,24482,19227,48436,28803,19633,37385,24919,12466,34255,24529,9726,21529,14623,6906,344,275,69,4748,3645,1103,19174,12227,6947,539,335,204
26, DADRA & NAGAR HAVELI,Western,Rural,183114,98305,84809,83972,34255,49717,99142,64050,35092,6035,4237,1798,27374,15424,11950,26687,16288,10399,16968,11513,5455,11436,8772,2664,6159,4630,1529,77,65,12,1007,733,274,3179,2242,937,220,146,74
26, DADRA & NAGAR HAVELI,Western,Urban,160595,95455,65140,36507,16984,19523,124088,78471,45617,7076,4446,2630,16335,9058,7277,21749,12515,9234,20417,13406,7011,22819,15757,7062,15370,9993,5377,267,210,57,3741,2912,829,15995,9985,6010,319,189,130
27, MAHARASHTRA,Western,Total,112374333,58243056,54131277,30820043,12985472,17834571,81554290,45257584,36296706,4127878,2079746,2048132,15335820,8069806,7266014,16628201,8346143,8282058,12592729,7132530,5460199,13559841,7914102,5645739,9288522,5609011,3679511,83534,58561,24973,858367,680370,177997,8639081,5167671,3471410,440317,199644,240673
27, MAHARASHTRA,Western,Rural,61556074,31539034,30017040,20073313,8147559,11925754,41482761,23391475,18091286,2486128,1232270,1253858,9911854,5299069,4612785,9436900,4784289,4652611,6828364,3917698,2910666,6392858,3852750,2540108,3853047,2512867,1340180,16153,12338,3815,262753,215348,47405,2007858,1440447,567411,286846,124399,162447
27, MAHARASHTRA,Western,Urban,50818259,26704022,24114237,10746730,4837913,5908817,40071529,21866109,18205420,1641750,847476,794274,5423966,2770737,2653229,7191301,3561854,3629447,5764365,3214832,2549533,7166983,4061352,3105631,5435475,3096144,2339331,67381,46223,21158,595614,465022,130592,6631223,3727224,2903999,153471,75245,78226
28, ANDHRA PRADESH,South,Total,84580777,42442146,42138631,34024017,14190903,19833114,50556760,28251243,22305517,3142311,1741175,1401136,7437519,3884076,3553443,13449300,6904114,6545186,5572154,3006742,2565412,8585481,4842743,3742738,5643010,3381495,2261515,94498,72832,21666,705274,587970,117304,5577387,3632622,1944765,349826,197474,152352
28, ANDHRA PRADESH,South,Rural,56361702,28243241,28118461,26010637,10847641,15162996,30351065,17395600,12955465,1856933,1065591,791342,5284438,2791703,2492735,9157499,4848653,4308846,3671765,2052920,1618845,5087964,3001888,2086076,2817877,1832095,985782,24919,19905,5014,352935,298051,54884,1921725,1382454,539271,175010,102340,72670
28, ANDHRA PRADESH,South,Urban,28219075,14198905,14020170,8013380,3343262,4670118,20205695,10855643,9350052,1285378,675584,609794,2153081,1092373,1060708,4291801,2055461,2236340,1900389,953822,946567,3497517,1840855,1656662,2825133,1549400,1275733,69579,52927,16652,352339,289919,62420,3655662,2250168,1405494,174816,95134,79682
29, KARNATAKA,South,Total,61095297,30966657,30128640,20447975,8458186,11989789,40647322,22508471,18138851,2518692,1354868,1163824,6924069,3655942,3268127,9493106,4944027,4549079,5161708,2869395,2292313,5082407,2784883,2297524,6300213,3574640,2725573,206215,159259,46956,793066,610709,182357,4043647,2489209,1554438,124199,65539,58660
29, KARNATAKA,South,Rural,37469335,18929354,18539981,14820159,6035917,8784242,22649176,12893437,9755739,1594024,880268,713756,4719828,2535393,2184435,6052956,3241250,2811706,3241101,1866652,1374449,2665644,1517040,1148604,2943942,1814740,1129202,49418,40597,8821,320557,260000,60557,982319,694998,287321,79387,42499,36888
29, KARNATAKA,South,Urban,23625962,12037303,11588659,5627816,2422269,3205547,17998146,9615034,8383112,924668,474600,450068,2204241,1120549,1083692,3440150,1702777,1737373,1920607,1002743,917864,2416763,1267843,1148920,3356271,1759900,1596371,156797,118662,38135,472509,350709,121800,3061328,1794211,1267117,44812,23040,21772
30, GOA,Western,Total,1458545,739140,719405,293058,123317,169741,1165487,615823,549664,99823,45518,54305,161303,80497,80806,181495,94300,87195,166523,91716,74807,185378,102298,83080,179501,98502,80999,1956,1160,796,35594,24792,10802,146828,74077,72751,7086,2963,4123
30, GOA,Western,Rural,551731,275436,276295,120460,48293,72167,431271,227143,204128,41549,18560,22989,68444,34450,33994,72753,37650,35103,73201,40225,32976,69662,38987,30675,56822,31096,25726,456,276,180,10898,7444,3454,34633,17361,17272,2853,1094,1759
30, GOA,Western,Urban,906814,463704,443110,172598,75024,97574,734216,388680,345536,58274,26958,31316,92859,46047,46812,108742,56650,52092,93322,51491,41831,115716,63311,52405,122679,67406,55273,1500,884,616,24696,17348,7348,112195,56716,55479,4233,1869,2364
31, LAKSHADWEEP,South,Total,64473,33123,31350,11920,5100,6820,52553,28023,24530,2729,1250,1479,9410,4523,4887,12813,6500,6313,11305,5970,5335,5775,3252,2523,7178,4395,2783,112,77,35,853,551,302,2302,1458,844,76,47,29
31, LAKSHADWEEP,South,Rural,14141,7243,6898,2853,1294,1559,11288,5949,5339,782,385,397,2116,1095,1021,3055,1522,1533,2181,1035,1146,1413,795,618,1081,663,418,30,23,7,254,159,95,355,256,99,21,16,5
31, LAKSHADWEEP,South,Urban,50332,25880,24452,9067,3806,5261,41265,22074,19191,1947,865,1082,7294,3428,3866,9758,4978,4780,9124,4935,4189,4362,2457,1905,6097,3732,2365,82,54,28,599,392,207,1947,1202,745,55,31,24
32, KERALA,South,Total,33406061,16027412,17378649,5270237,2322509,2947728,28135824,13704903,14430921,1313536,601366,712170,4401497,2076920,2324577,5065710,2522296,2543414,5059809,2590783,2469026,3852389,1906020,1946369,4885082,2307363,2577719,73857,34264,39593,895188,508075,387113,2531321,1131336,1399985,57435,26480,30955
32, KERALA,South,Rural,17471135,8408054,9063081,2921815,1275624,1646191,14549320,7132430,7416890,676702,311567,365135,2424369,1155194,1269175,2726676,1369388,1357288,2709892,1391467,1318425,2026784,1003965,1022819,2432631,1159974,1272657,35048,15733,19315,457389,248896,208493,1030491,462498,567993,29338,13748,15590
32, KERALA,South,Urban,15934926,7619358,8315568,2348422,1046885,1301537,13586504,6572473,7014031,636834,289799,347035,1977128,921726,1055402,2339034,1152908,1186126,2349917,1199316,1150601,1825605,902055,923550,2452451,1147389,1305062,38809,18531,20278,437799,259179,178620,1500830,668838,831992,28097,12732,15365
33, TAMIL NADU,South,Total,72147030,36137975,36009055,20309523,8097484,12212039,51837507,28040491,23797016,2300483,1188833,1111650,5629379,2861589,2767790,12325162,6479422,5845740,9608004,5087592,4520412,8193224,4540573,3652651,6429350,3405933,3023417,150086,116345,33741,1558526,1143646,414880,5457742,3119342,2338400,185551,97216,88335
33, TAMIL NADU,South,Rural,37229590,18679065,18550525,12727395,5013226,7714169,24502195,13665839,10836356,1079237,581196,498041,3064611,1587693,1476918,6728075,3681444,3046631,5020643,2754507,2266136,3895299,2211721,1683578,2575072,1451256,1123816,50753,40493,10260,651537,474451,177086,1337768,828750,509018,99200,54328,44872
33, TAMIL NADU,South,Urban,34917440,17458910,17458530,7582128,3084258,4497870,27335312,14374652,12960660,1221246,607637,613609,2564768,1273896,1290872,5597087,2797978,2799109,4587361,2333085,2254276,4297925,2328852,1969073,3854278,1954677,1899601,99333,75852,23481,906989,669195,237794,4119974,2290592,1829382,86351,42888,43463
34, PUDUCHERRY,South,Total,1247953,612511,635442,290644,115133,175511,957309,497378,459931,23696,11510,12186,93186,45162,48024,187723,89632,98091,171301,85255,86046,161826,87749,74077,132950,68217,64733,2204,1293,911,39316,27765,11551,142029,79482,62547,3078,1313,1765
34, PUDUCHERRY,South,Rural,395200,194907,200293,114318,44417,69901,280882,150490,130392,7058,3669,3389,29893,14818,15075,60763,30148,30615,58282,29986,28296,50300,28303,21997,37657,20367,17290,505,319,186,12119,8864,3255,23444,13620,9824,861,396,465
34, PUDUCHERRY,South,Urban,852753,417604,435149,176326,70716,105610,676427,346888,329539,16638,7841,8797,63293,30344,32949,126960,59484,67476,113019,55269,57750,111526,59446,52080,95293,47850,47443,1699,974,725,27197,18901,8296,118585,65862,52723,2217,917,1300
35, ANDAMAN & NICOBAR ISLANDS,South,Total,380581,202871,177710,86300,38494,47806,294281,164377,129904,5902,3041,2861,42129,22513,19616,68415,37920,30495,68620,39337,29283,45104,26053,19051,33531,18299,15232,301,180,121,5138,2935,2203,24159,13622,10537,982,477,505
35, ANDAMAN & NICOBAR ISLANDS,South,Rural,237093,126287,110806,59068,26327,32741,178025,99960,78065,3629,1887,1742,29260,15759,13501,46301,25673,20628,44616,25476,19140,24667,14448,10219,17587,9788,7799,88,50,38,2250,1228,1022,8958,5335,3623,669,316,353
35, ANDAMAN & NICOBAR ISLANDS,South,Urban,143488,76584,66904,27232,12167,15065,116256,64417,51839,2273,1154,1119,12869,6754,6115,22114,12247,9867,24004,13861,10143,20437,11605,8832,15944,8511,7433,213,130,83,2888,1707,1181,15201,8287,6914,313,161,152
